{
  "users": [
    {
      "id": "5b15f883-9291-4ca6-bc97-df09e0f5ca83",
      "name": "teste update",
      "email": "teste@teste.com",
      "password": "123"
    },
    {
      "id": "c738a144-9d26-4cbd-8d7e-91954f655a18",
      "name": "teste1",
      "email": "uthiele@teste.com",
      "password": "1234"
    }
  ],
  "notes": [
    {
      "id": "ac87d822-50b5-4b52-b789-98933841932a",
      "userId": "5b15f883-9291-4ca6-bc97-df09e0f5ca83",
      "title": "teste 2",
      "content": "teste"
    },
    {
      "id": "4411384b-0f9e-44fb-a211-2ef28561328a",
      "userId": "c738a144-9d26-4cbd-8d7e-91954f655a18",
      "title": "testes",
      "content": "yeste",
      "link": ""
    }
  ]
}